{

	"soundname": "Pop",
	"samplerate": 16000,
	"chunkSecs": 2,
	"soundDuration": 4,
      "recordFormat": "tfrecords",
      "tftype": "shards",
      "shard_size": 2,
	"params":
	[
		{
            "user_pname": "Irregularity",
            "user_minval": 0,
            "user_maxval": 1,
            "user_nvals": 4,
            "user_doc": "map to natural synth irregularity param [0, 1]",
            "synth_pname": "irreg_exp",
            "synth_minval": 0,
            "synth_maxval": 1,
            "synth_units": "natural"
        },
		{
            "user_pname": "center frequency",
            "user_minval": 220,
            "user_maxval": 440,
            "user_nvals": 2,
            "user_doc": "map to normed synth frequency param [220, 440]",
            "synth_pname": "cf",
            "synth_minval": 220,
            "synth_maxval": 440,
            "synth_units": "natural"
        }
	],
	"fixedParams":
	[
		{
		"user_doc": "rate of Pop sounds",
            "synth_pname": "rate_exp",
            "synth_val": 2,
            "synth_units": "natural"
		}
	]
}